"component__cGrey","component__rubyTag","component__icon href","component__blueLink","component__toolTip href","component__main_text","component__light_text 2","component__main_text 2","component__sub_wrap","component__main_text 3","component__main_text 4","labels_semiBold","CompletionChart__percentage","hyperlinks_small","component__light_text 6","component__light_text 8","component__light_text 10","component__leadInfo href","component__percentile","component__toolTipText 5","videoStatus__wrapper src","videoStatus__heading","videoStatus__subHeading","videoStatus__ctaStyleActive","component__selfVerifier","component__extra_link 3","component__extra_link href","videoStatus__ctaStyleActive 2","hyperlinks_small 2"
"3 BHK Independent/Builder Floor for Rent in DLF Phase 1 Ultra Luxury Builder Floors, DLF Phase 1,Gurgaon","INFINITY","https://www.99acres.com/L74166287","Assigned to: Rajesh Kumar","https://www.99acres.com/editproperty/?action=edit&prop_id=L74166287","Rs1.35 Lac","| Super built-up  Area:","1350 sq.ft.","L74166287:","12 Mar 2024","11 May 2024","Property score is medium","85%","Add USPs","0","0","690 Credits","https://www.99acres.com/lmsSearch?propId=L74166287","79.89 %","On 13-03-2024, this listing performed better than 79.89 % of the listings in its locality.","https://static.99acres.com/universalmy99/img/RubyInactive_2x.png","Video will be updated shortly","Your photos are under screening","Edit Video","Assign & share for SV","","","",""
"Land/Plot for Sale in DLF City Plots Phase 4, DLF Phase 4,Gurgaon","INFINITY","https://www.99acres.com/O74123531","Assigned to: Raj Kumar Swammi","https://www.99acres.com/editproperty/?action=edit&prop_id=O74123531","Rs11 Crore","| Plot  Area:","360 sq.yards","O74123531:","09 Mar 2024","08 May 2024","Property score is good","95%","Add USPs","0","3","345 Credits","https://www.99acres.com/lmsSearch?propId=O74123531","53.58 %","On 13-03-2024, this listing performed better than 53.58 % of the listings in its locality.","https://static.99acres.com/universalmy99/img/RubyPending_2x.png","Video couldn't be updated","Your eligible photos are <4","Add Images","","","","",""
"Land/Plot for Sale in DLF City Plots Phase 4, DLF Phase 4,Gurgaon","INFINITY","https://www.99acres.com/I74123139","Assigned to: Raj Kumar Swammi","https://www.99acres.com/editproperty/?action=edit&prop_id=I74123139","Rs10.5 Crore","| Plot  Area:","360 sq.yards","I74123139:","09 Mar 2024","08 May 2024","Property score is good","95%","Add USPs","0","5","345 Credits","https://www.99acres.com/lmsSearch?propId=I74123139","52.15 %","On 13-03-2024, this listing performed better than 52.15 % of the listings in its locality.","https://static.99acres.com/universalmy99/img/RubyActive_2x.png","Video updated on listing","Auto generated video is now playing","View Video","","View 1 Responses","https://www.99acres.com/my99acres/all_responses/","Edit Video",""
"4 BHK Independent/Builder Floor for Rent in Independent Floors at DLF City Phase 4, DLF Phase 4,Gurgaon","INFINITY","https://www.99acres.com/I74123093","Assigned to: Deepak Bhadoria","https://www.99acres.com/editproperty/?action=edit&prop_id=I74123093","Rs1.5 Lac","| Super built-up  Area:","3240 sq.ft.","I74123093:","09 Mar 2024","08 May 2024","Property score is good","100%","Add USPs","0","0","345 Credits","https://www.99acres.com/lmsSearch?propId=I74123093","53.56 %","On 13-03-2024, this listing performed better than 53.56 % of the listings in its locality.","https://static.99acres.com/universalmy99/img/RubyActive_2x.png","Video updated on listing","Auto generated video is now playing","View Video","Assign & share for SV","View 1 Responses","https://www.99acres.com/my99acres/all_responses/","Edit Video",""
"4 BHK Independent/Builder Floor for Rent in Luxury Builder Floors In Dlf Phase 2, DLF Phase 2,Gurgaon","INFINITY","https://www.99acres.com/K74122789","Assigned to: Deepak Bhadoria","https://www.99acres.com/editproperty/?action=edit&prop_id=K74122789","Rs1.4 Lac","| Super built-up  Area:","2700 sq.ft.","K74122789:","09 Mar 2024","08 May 2024","Property score is good","100%","Add USPs","0","0","345 Credits","https://www.99acres.com/lmsSearch?propId=K74122789","55.56 %","On 13-03-2024, this listing performed better than 55.56 % of the listings in its locality.","https://static.99acres.com/universalmy99/img/RubyActive_2x.png","Video updated on listing","Auto generated video is now playing","View Video","Assign & share for SV","","","Edit Video",""
"Land/Plot for Sale in DLF City Plots Phase 4, DLF Phase 4,Gurgaon","INFINITY","https://www.99acres.com/E74122739","Assigned to: Raj Kumar Swammi","https://www.99acres.com/editproperty/?action=edit&prop_id=E74122739","Rs10.5 Crore","| Plot  Area:","360 sq.yards","E74122739:","09 Mar 2024","08 May 2024","Property score is good","95%","Add USPs","0","0","345 Credits","https://www.99acres.com/lmsSearch?propId=E74122739","51.43 %","On 13-03-2024, this listing performed better than 51.43 % of the listings in its locality.","https://static.99acres.com/universalmy99/img/RubyActive_2x.png","Video updated on listing","Auto generated video is now playing","View Video","","","","Edit Video",""
"Land/Plot for Sale in DLF City Plots Phase 4, DLF Phase 4,Gurgaon","INFINITY","https://www.99acres.com/M74122283","Assigned to: Raj Kumar Swammi","https://www.99acres.com/editproperty/?action=edit&prop_id=M74122283","Rs8 Crore","| Plot  Area:","3270 sq.ft.","M74122283:","09 Mar 2024","08 May 2024","Property score is good","95%","Add USPs","0","7","345 Credits","https://www.99acres.com/lmsSearch?propId=M74122283","63.44 %","On 13-03-2024, this listing performed better than 63.44 % of the listings in its locality.","https://static.99acres.com/universalmy99/img/RubyActive_2x.png","Video updated on listing","Auto generated video is now playing","View Video","","View 1 Responses","https://www.99acres.com/my99acres/all_responses/","Edit Video",""
"Land/Plot for Sale in DLF City Plots Phase 4, DLF Phase 4,Gurgaon","INFINITY","https://www.99acres.com/B74122157","Assigned to: Raj Kumar Swammi","https://www.99acres.com/editproperty/?action=edit&prop_id=B74122157","Rs7.5 Crore","| Plot  Area:","270 sq.yards","B74122157:","09 Mar 2024","08 May 2024","Property score is good","95%","Add USPs","0","0","345 Credits","https://www.99acres.com/lmsSearch?propId=B74122157","61.65 %","On 13-03-2024, this listing performed better than 61.65 % of the listings in its locality.","https://static.99acres.com/universalmy99/img/RubyPending_2x.png","Video couldn't be updated","Your eligible photos are <4","Add Images","","","","",""
"Land/Plot for Sale in Sector 28 Gurgaon,Gurgaon","INFINITY","https://www.99acres.com/D74121743","Assigned to: Raj Kumar Swammi","https://www.99acres.com/editproperty/?action=edit&prop_id=D74121743","Rs7.87 Crore","| Plot  Area:","270 sq.yards","D74121743:","09 Mar 2024","08 May 2024","Property score is good","95%","Add USPs","0","8","345 Credits","https://www.99acres.com/lmsSearch?propId=D74121743","54.46 %","On 13-03-2024, this listing performed better than 54.46 % of the listings in its locality.","https://static.99acres.com/universalmy99/img/RubyActive_2x.png","Video updated on listing","Auto generated video is now playing","View Video","","View 1 Responses","https://www.99acres.com/my99acres/all_responses/","Edit Video",""
"4 BHK Independent/Builder Floor for Rent in DLF Phase 2,Gurgaon","INFINITY","https://www.99acres.com/W74119775","Assigned to: Deepak Bhadoria","https://www.99acres.com/editproperty/?action=edit&prop_id=W74119775","Rs1.7 Lac","| Super built-up  Area:","4518 sq.ft.","W74119775:","09 Mar 2024","08 May 2024","Property score is medium","79%","Add USPs","0","0","345 Credits","https://www.99acres.com/lmsSearch?propId=W74119775","57.36 %","On 13-03-2024, this listing performed better than 57.36 % of the listings in its locality.","https://static.99acres.com/universalmy99/img/RubyPending_2x.png","Video missing on listing","You are missing out on more page views","Add Video","Assign & share for SV","","","",""
"4 BHK Independent/Builder Floor for Rent in DLF Phase 2,Gurgaon","INFINITY","https://www.99acres.com/N74119599","Assigned to: Deepak Bhadoria","https://www.99acres.com/editproperty/?action=edit&prop_id=N74119599","Rs1.1 Lac","| Super built-up  Area:","2700 sq.ft.","N74119599:","09 Mar 2024","08 May 2024","Property score is medium","79%","Add USPs","0","0","345 Credits","https://www.99acres.com/lmsSearch?propId=N74119599","47.15 %","On 13-03-2024, this listing performed better than 47.15 % of the listings in its locality.","https://static.99acres.com/universalmy99/img/RubyPending_2x.png","Video missing on listing","You are missing out on more page views","Add Video","Assign & share for SV","","","",""
"4 BHK Independent/Builder Floor for Rent in DLF Phase 2,Gurgaon","INFINITY","https://www.99acres.com/K74117629","Assigned to: Deepak Bhadoria","https://www.99acres.com/editproperty/?action=edit&prop_id=K74117629","Rs1.25 Lac","| Super built-up  Area:","2700 sq.ft.","K74117629:","09 Mar 2024","08 May 2024","Property score is medium","79%","Add USPs","0","0","345 Credits","https://www.99acres.com/lmsSearch?propId=K74117629","47.0 %","On 13-03-2024, this listing performed better than 47.0 % of the listings in its locality.","https://static.99acres.com/universalmy99/img/RubyPending_2x.png","Video missing on listing","You are missing out on more page views","Add Video","Assign & share for SV","","","",""
"4 BHK Independent/Builder Floor for Rent in DLF Phase 2,Gurgaon","INFINITY","https://www.99acres.com/A74117531","Assigned to: Deepak Bhadoria","https://www.99acres.com/editproperty/?action=edit&prop_id=A74117531","Rs1.2 Lac","| Super built-up  Area:","2700 sq.ft.","A74117531:","09 Mar 2024","08 May 2024","Property score is medium","79%","Add USPs","0","0","345 Credits","https://www.99acres.com/lmsSearch?propId=A74117531","53.6 %","On 13-03-2024, this listing performed better than 53.6 % of the listings in its locality.","https://static.99acres.com/universalmy99/img/RubyPending_2x.png","Video missing on listing","You are missing out on more page views","Add Video","Assign & share for SV","","","","Get Verified"
"4 BHK Independent/Builder Floor for Rent in Luxury Builder Floors In Dlf Phase 2, DLF Phase 2,Gurgaon","INFINITY","https://www.99acres.com/C74117291","Assigned to: Deepak Bhadoria","https://www.99acres.com/editproperty/?action=edit&prop_id=C74117291","Rs2 Lac","| Super built-up  Area:","4518 sq.ft.","C74117291:","09 Mar 2024","08 May 2024","Property score is medium","90%","Add USPs","0","0","345 Credits","https://www.99acres.com/lmsSearch?propId=C74117291","58.56 %","On 13-03-2024, this listing performed better than 58.56 % of the listings in its locality.","https://static.99acres.com/universalmy99/img/RubyPending_2x.png","Video missing on listing","You are missing out on more page views","Add Video","Assign & share for SV","","","",""
"4 BHK Independent/Builder Floor for Rent in DLF Phase 1,Gurgaon","INFINITY","https://www.99acres.com/L74114705","Assigned to: Deepak Bhadoria","https://www.99acres.com/editproperty/?action=edit&prop_id=L74114705","Rs1.7 Lac","| Super built-up  Area:","4500 sq.ft.","L74114705:","09 Mar 2024","08 May 2024","Property score is medium","79%","Add USPs","0","0","345 Credits","https://www.99acres.com/lmsSearch?propId=L74114705","51.84 %","On 13-03-2024, this listing performed better than 51.84 % of the listings in its locality.","https://static.99acres.com/universalmy99/img/RubyPending_2x.png","Video missing on listing","You are missing out on more page views","Add Video","Assign & share for SV","","","","Get Verified"
"4 BHK Independent House/Villa for Rent in DLF Phase 2,Gurgaon","INFINITY","https://www.99acres.com/V74105519","Assigned to: Deepak Bhadoria","https://www.99acres.com/editproperty/?action=edit&prop_id=V74105519","Rs1.25 Lac","| Plot  Area:","250 sq.yards","V74105519:","08 Mar 2024","07 May 2024","Property score is medium","79%","Add USPs","0","2","345 Credits","https://www.99acres.com/lmsSearch?propId=V74105519","81.23 %","On 13-03-2024, this listing performed better than 81.23 % of the listings in its locality.","https://static.99acres.com/universalmy99/img/RubyPending_2x.png","Video missing on listing","You are missing out on more page views","Add Video","Assign & share for SV","View 1 Responses","https://www.99acres.com/my99acres/all_responses/","","Get Verified"
"4 BHK Independent/Builder Floor for Rent in DLF Phase 2,Gurgaon","INFINITY","https://www.99acres.com/J74104715","Assigned to: Deepak Bhadoria","https://www.99acres.com/editproperty/?action=edit&prop_id=J74104715","Rs1.5 Lac","| Super built-up  Area:","3618 sq.ft.","J74104715:","08 Mar 2024","07 May 2024","Property score is medium","79%","Add USPs","0","0","345 Credits","https://www.99acres.com/lmsSearch?propId=J74104715","51.95 %","On 13-03-2024, this listing performed better than 51.95 % of the listings in its locality.","https://static.99acres.com/universalmy99/img/RubyPending_2x.png","Video missing on listing","You are missing out on more page views","Add Video","Assign & share for SV","","","",""
"3 BHK Independent House/Villa for Rent in Block B Sector 26A Gurgaon,Gurgaon","INFINITY","https://www.99acres.com/T74104393","Assigned to: Deepak Bhadoria","https://www.99acres.com/editproperty/?action=edit&prop_id=T74104393","Rs90,000","| Plot  Area:","269 sq.ft.","T74104393:","08 Mar 2024","07 May 2024","Property score is medium","76%","Add USPs","0","0","345 Credits","https://www.99acres.com/lmsSearch?propId=T74104393","100.0 %","On 13-03-2024, this listing performed better than 100.0 % of the listings in its locality.","https://static.99acres.com/universalmy99/img/RubyPending_2x.png","Video missing on listing","You are missing out on more page views","Add Video","Assign & share for SV","","","","Get Verified"
"3 BHK Flat/Apartment for Sale in Trehan Builder Floor, Sector 71 Gurgaon,Gurgaon","INFINITY","https://www.99acres.com/T74098941","Assigned to: Rajesh Kumar","https://www.99acres.com/editproperty/?action=edit&prop_id=T74098941","Rs2 Crore","| Super built-up  Area:","1650 sq.ft.","T74098941:","08 Mar 2024","07 May 2024","Property score is medium","80%","Add USPs","0","4","345 Credits","https://www.99acres.com/lmsSearch?propId=T74098941","36.82 %","On 13-03-2024, this listing performed better than 36.82 % of the listings in its locality.","https://static.99acres.com/universalmy99/img/RubyPending_2x.png","Video missing on listing","You are missing out on more page views","Add Video","","View 1 Responses","https://www.99acres.com/my99acres/all_responses/","",""
"3 BHK Flat/Apartment for Sale in Pareena Coban Residences, Sector 99A Gurgaon,Gurgaon","INFINITY","https://www.99acres.com/Y74097493","Assigned to: Rajesh Kumar","https://www.99acres.com/editproperty/?action=edit&prop_id=Y74097493","Rs2.49 Crore","| Super built-up  Area:","1997 sq.ft.","Y74097493:","08 Mar 2024","07 May 2024","Property score is medium","90%","Add USPs","0","0","345 Credits","https://www.99acres.com/lmsSearch?propId=Y74097493","48.1 %","On 13-03-2024, this listing performed better than 48.1 % of the listings in its locality.","https://static.99acres.com/universalmy99/img/RubyPending_2x.png","Video missing on listing","You are missing out on more page views","Add Video","","","","",""
"2 BHK Flat/Apartment for Sale in Pareena Coban Residences, Sector 99A Gurgaon,Gurgaon","INFINITY","https://www.99acres.com/P74097143","Assigned to: Rajesh Kumar","https://www.99acres.com/editproperty/?action=edit&prop_id=P74097143","Rs1.93 Crore","| Built-up  Area:","1550 sq.ft.","P74097143:","08 Mar 2024","07 May 2024","Property score is medium","85%","Add USPs","0","0","345 Credits","https://www.99acres.com/lmsSearch?propId=P74097143","59.81 %","On 13-03-2024, this listing performed better than 59.81 % of the listings in its locality.","https://static.99acres.com/universalmy99/img/RubyPending_2x.png","Video missing on listing","You are missing out on more page views","Add Video","","","","",""
"4 BHK Independent/Builder Floor for Rent in DLF Phase 1, Gurgaon, Haryana, Block-A, DLF City Phase 1,Gurgaon","INFINITY","https://www.99acres.com/E73936479","Assigned to: Rajesh Kumar","https://www.99acres.com/editproperty/?action=edit&prop_id=E73936479","Rs1.35 Lac","| Built-up  Area:","2650 sq.ft.","E73936479:","28 Feb 2024","28 Apr 2024","Property score is good","100%","Add USPs","0","4","690 Credits","https://www.99acres.com/lmsSearch?propId=E73936479","44.12 %","On 13-03-2024, this listing performed better than 44.12 % of the listings in its locality.","https://static.99acres.com/universalmy99/img/RubyActive_2x.png","Video updated on listing","Auto generated video is now playing","View Video","Assign & share for SV","","","Edit Video",""
"4 BHK Flat/Apartment for Rent in Krrish Provence Estate, Gwal Pahari,Gurgaon","INFINITY","https://www.99acres.com/F73906061","Assigned to: Deepak Bhadoria","https://www.99acres.com/editproperty/?action=edit&prop_id=F73906061","Rs1.5 Lac","| Super built-up  Area:","5800 sq.ft.","F73906061:","26 Feb 2024","26 Apr 2024","Property score is good","95%","Add USPs","0","0","690 Credits","https://www.99acres.com/lmsSearch?propId=F73906061","72.04 %","On 13-03-2024, this listing performed better than 72.04 % of the listings in its locality.","https://static.99acres.com/universalmy99/img/RubyActive_2x.png","Video updated on listing","Auto generated video is now playing","View Video","Assign & share for SV","View 1 Responses","https://www.99acres.com/my99acres/all_responses/","Edit Video",""
"4 BHK Independent/Builder Floor for Sale in Luxury DLF City Floors, DLF Phase 1,Gurgaon","INFINITY","https://www.99acres.com/X73886987","Assigned to: Ghanshyam kumar","https://www.99acres.com/editproperty/?action=edit&prop_id=X73886987","Rs4.6 Crore","| Super built-up  Area:","3300 sq.ft.","X73886987:","26 Feb 2024","25 Apr 2024","Property score is good","100%","Add USPs","0","15","690 Credits","https://www.99acres.com/lmsSearch?propId=X73886987","75.36 %","On 13-03-2024, this listing performed better than 75.36 % of the listings in its locality.","https://static.99acres.com/universalmy99/img/RubyActive_2x.png","Video updated on listing","Auto generated video is now playing","View Video","","View 2 Responses","https://www.99acres.com/my99acres/all_responses/","",""
"4 BHK Independent/Builder Floor for Sale in ULTRA LUXURY BUILDER FLOOR , Block-A, DLF City Phase 1,Gurgaon","INFINITY","https://www.99acres.com/M73869899","Assigned to: Ghanshyam kumar","https://www.99acres.com/editproperty/?action=edit&prop_id=M73869899","Rs6.5 Crore","| Super built-up  Area:","4500 sq.ft.","M73869899:","24 Feb 2024","24 Apr 2024","Property score is medium","90%","Add USPs","0","2","690 Credits","https://www.99acres.com/lmsSearch?propId=M73869899","20.83 %","On 13-03-2024, this listing performed better than 20.83 % of the listings in its locality.","https://static.99acres.com/universalmy99/img/RubyPending_2x.png","Video missing on listing","You are missing out on more page views","Add Video","Assign & share for SV","","","","Get Verified"
"4 BHK Independent/Builder Floor for Sale in Ultra Luxury Builder Floor, DLF Phase 2,Gurgaon","INFINITY","https://www.99acres.com/L73862551","Assigned to: Ghanshyam kumar","https://www.99acres.com/editproperty/?action=edit&prop_id=L73862551","Rs3.75 Crore","| Super built-up  Area:","2700 sq.ft.","L73862551:","23 Feb 2024","23 Apr 2024","Property score is good","100%","Add USPs","0","4","690 Credits","https://www.99acres.com/lmsSearch?propId=L73862551","56.4 %","On 13-03-2024, this listing performed better than 56.4 % of the listings in its locality.","https://static.99acres.com/universalmy99/img/RubyActive_2x.png","Video updated on listing","Auto generated video is now playing","View Video","Assign & share for SV","","","Edit Video","Get Verified"
"Shops for Lease in Golf Avenue 42, Sector 42 Gurgaon,Gurgaon","","https://www.99acres.com/M73413961","Assigned to: Vaibhav Kumar","https://www.99acres.com/editproperty/?action=edit&prop_id=M73413961","Rs20.84 Lac","| Built-up  Area:","2605 sq.ft.","M73413961:","22 Feb 2024","29 Mar 2024","Property score is good","100%","Add photos","3","9","193 Credits","https://www.99acres.com/lmsSearch?propId=M73413961","70.0 %","On 13-03-2024, this listing performed better than 70.0 % of the listings in its locality.","","","","","","","","",""
"Shops for Lease in Golf Avenue 42, Sector 42 Gurgaon,Gurgaon","","https://www.99acres.com/I73414167","Assigned to: Vaibhav Kumar","https://www.99acres.com/editproperty/?action=edit&prop_id=I73414167","Rs4.07 Lac","| Built-up  Area:","1357 sq.ft.","I73414167:","22 Feb 2024","29 Mar 2024","Property score is good","100%","Add photos","3","14","193 Credits","https://www.99acres.com/lmsSearch?propId=I73414167","55.0 %","On 13-03-2024, this listing performed better than 55.0 % of the listings in its locality.","","","","","","View 1 Responses","https://www.99acres.com/my99acres/all_responses/","",""
"Shops for Lease in M3M Urbana, Sector 67 Gurgaon,Gurgaon","","https://www.99acres.com/K73421543","Assigned to: Vaibhav Kumar","https://www.99acres.com/editproperty/?action=edit&prop_id=K73421543","Rs3.56 Lac","| Built-up  Area:","3954 sq.ft.","K73421543:","21 Feb 2024","29 Mar 2024","Property score is good","100%","Add photos","1","9","193 Credits","https://www.99acres.com/lmsSearch?propId=K73421543","71.77 %","On 13-03-2024, this listing performed better than 71.77 % of the listings in its locality.","","","","","","View 2 Responses","https://www.99acres.com/my99acres/all_responses/","",""
"Shops for Sale in Elan Miracle, Sector 84 Gurgaon,Gurgaon","INFINITY","https://www.99acres.com/A73628929","Assigned to: Vaibhav Kumar","https://www.99acres.com/editproperty/?action=edit&prop_id=A73628929","Rs3 Crore","| Built-up  Area:","974 sq.ft.","A73628929:","19 Feb 2024","10 Apr 2024","Property score is good","100%","Add USPs","0","11","345 Credits","https://www.99acres.com/lmsSearch?propId=A73628929","39.5 %","On 13-03-2024, this listing performed better than 39.5 % of the listings in its locality.","https://static.99acres.com/universalmy99/img/RubyInactive_2x.png","Video will be updated shortly","Your photos are under screening","Edit Video","","","","",""
"Shops for Sale in Elan Miracle, Sector 84 Gurgaon,Gurgaon","INFINITY","https://www.99acres.com/V73628471","Assigned to: Vaibhav Kumar","https://www.99acres.com/editproperty/?action=edit&prop_id=V73628471","Rs2.61 Crore","| Built-up  Area:","1190 sq.ft.","V73628471:","19 Feb 2024","10 Apr 2024","Property score is good","100%","Add USPs","0","9","345 Credits","https://www.99acres.com/lmsSearch?propId=V73628471","35.0 %","On 13-03-2024, this listing performed better than 35.0 % of the listings in its locality.","https://static.99acres.com/universalmy99/img/RubyInactive_2x.png","Video will be updated shortly","Your photos are under screening","Edit Video","","","","",""
"3 BHK Independent/Builder Floor for Sale in Ultra Luxurious Builder Floor, DLF Phase 1,Gurgaon","INFINITY","https://www.99acres.com/D70613592","Assigned to: Ghanshyam kumar","https://www.99acres.com/editproperty/?action=edit&prop_id=D70613592","Rs2.35 Crore","| Super built-up  Area:","1800 sq.ft.","D70613592:","19 Feb 2024","23 Apr 2024","Property score is good","95%","Add USPs","31","64","1117 Credits","https://www.99acres.com/lmsSearch?propId=D70613592","87.28 %","On 13-03-2024, this listing performed better than 87.28 % of the listings in its locality.","https://static.99acres.com/universalmy99/img/RubyActive_2x.png","Video updated on listing","Auto generated video is now playing","View Video","","View 11 Responses","https://www.99acres.com/my99acres/all_responses/","",""
"3 BHK Flat/Apartment for Sale in Pareena Coban Residences, Sector 99A Gurgaon,Gurgaon","INFINITY","https://www.99acres.com/F73755619","Assigned to: Rajesh Kumar","https://www.99acres.com/editproperty/?action=edit&prop_id=F73755619","Rs1.65 Crore","| Super built-up  Area:","1997 sq.ft.","F73755619:","17 Feb 2024","17 Apr 2024","Property score is good","95%","Add USPs","0","17","1035 Credits","https://www.99acres.com/lmsSearch?propId=F73755619","75.95 %","On 13-03-2024, this listing performed better than 75.95 % of the listings in its locality.","https://static.99acres.com/universalmy99/img/RubyActive_2x.png","Video updated on listing","Auto generated video is now playing","View Video","Assign & share for SV","View 11 Responses","https://www.99acres.com/my99acres/all_responses/","Edit Video",""
"4 BHK Flat/Apartment for Rent in Krrish Provence Estate, Gwal Pahari,Gurgaon","INFINITY","https://www.99acres.com/S73738277","Assigned to: Rajesh Kumar","https://www.99acres.com/editproperty/?action=edit&prop_id=S73738277","Rs1.5 Lac","| Super built-up  Area:","5800 sq.ft.","S73738277:","16 Feb 2024","16 Apr 2024","Property score is good","95%","Add USPs","0","8","690 Credits","https://www.99acres.com/lmsSearch?propId=S73738277","51.61 %","On 13-03-2024, this listing performed better than 51.61 % of the listings in its locality.","https://static.99acres.com/universalmy99/img/RubyActive_2x.png","Video updated on listing","Auto generated video is now playing","View Video","Assign & share for SV","View 1 Responses","https://www.99acres.com/my99acres/all_responses/","Edit Video",""
"3 BHK Independent House/Villa for Sale in DLF City Phase 1, Sector 26 Gurgaon,Gurgaon","INFINITY","https://www.99acres.com/H73734333","Assigned to: Raj Kumar Swammi","https://www.99acres.com/editproperty/?action=edit&prop_id=H73734333","Rs3.5 Crore","| Plot  Area:","109 sq.yards","H73734333:","16 Feb 2024","16 Apr 2024","Property score is medium","85%","Add USPs","0","5","1035 Credits","https://www.99acres.com/lmsSearch?propId=H73734333","69.1 %","On 13-03-2024, this listing performed better than 69.1 % of the listings in its locality.","https://static.99acres.com/universalmy99/img/RubyInactive_2x.png","Video will be updated shortly","Your photos are under screening","Edit Video","Assign & share for SV","","","","Get Verified"
"3 BHK Independent House/Villa for Sale in DLF City Phase 1, Block E DLF City Phase 1,Gurgaon","INFINITY","https://www.99acres.com/T73734111","Assigned to: Raj Kumar Swammi","https://www.99acres.com/editproperty/?action=edit&prop_id=T73734111","Rs4.4 Crore","| Plot  Area:","150 sq.yards","T73734111:","16 Feb 2024","16 Apr 2024","Property score is medium","90%","Add USPs","0","39","1380 Credits","https://www.99acres.com/lmsSearch?propId=T73734111","95.0 %","On 13-03-2024, this listing performed better than 95.0 % of the listings in its locality.","https://static.99acres.com/universalmy99/img/RubyPending_2x.png","Video couldn't be updated","Your eligible photos are <4","Add Images","Assign & share for SV","View 4 Responses","https://www.99acres.com/my99acres/all_responses/","","Get Verified"
"Shops for Sale in Elan Miracle, Sector 84 Gurgaon,Gurgaon","INFINITY","https://www.99acres.com/A73628619","Assigned to: Vaibhav Kumar","https://www.99acres.com/editproperty/?action=edit&prop_id=A73628619","Rs1.9 Crore","| Built-up  Area:","550 sq.ft.","A73628619:","16 Feb 2024","10 Apr 2024","Property score is good","96%","Add USPs","0","5","345 Credits","https://www.99acres.com/lmsSearch?propId=A73628619","34.5 %","On 13-03-2024, this listing performed better than 34.5 % of the listings in its locality.","https://static.99acres.com/universalmy99/img/RubyInactive_2x.png","Video will be updated shortly","Your photos are under screening","Edit Video","","","","",""
"Shops for Sale in Elan Miracle, Sector 84 Gurgaon,Gurgaon","INFINITY","https://www.99acres.com/L73628307","Assigned to: Vaibhav Kumar","https://www.99acres.com/editproperty/?action=edit&prop_id=L73628307","Rs78.32 Lac","| Built-up  Area:","356 sq.ft.","L73628307:","14 Feb 2024","10 Apr 2024","Property score is good","100%","Add USPs","0","9","345 Credits","https://www.99acres.com/lmsSearch?propId=L73628307","34.0 %","On 13-03-2024, this listing performed better than 34.0 % of the listings in its locality.","https://static.99acres.com/universalmy99/img/RubyPending_2x.png","Video couldn't be updated","Your eligible photos are <4","Add Images","","View 1 Responses","https://www.99acres.com/my99acres/all_responses/","",""
"Shops for Lease in AIPL Joy Street, Sector 66 Gurgaon,Gurgaon","INFINITY","https://www.99acres.com/I73630749","Assigned to: Vaibhav Kumar","https://www.99acres.com/editproperty/?action=edit&prop_id=I73630749","Rs44,000","| Built-up  Area:","440 sq.ft.","I73630749:","13 Feb 2024","10 Apr 2024","Property score is good","100%","Add USPs","0","31","345 Credits","https://www.99acres.com/lmsSearch?propId=I73630749","93.8 %","On 13-03-2024, this listing performed better than 93.8 % of the listings in its locality.","https://static.99acres.com/universalmy99/img/RubyPending_2x.png","Video couldn't be updated","Your eligible photos are <4","Add Images","","View 7 Responses","https://www.99acres.com/my99acres/all_responses/","",""
"Land/Plot for Sale in DLF Phase 2,Gurgaon","INFINITY","https://www.99acres.com/G73685755","Assigned to: Deepak Bhadoria","https://www.99acres.com/editproperty/?action=edit&prop_id=G73685755","Rs4.5 Crore","| Plot  Area:","150 sq.yards","G73685755:","13 Feb 2024","13 Apr 2024","Property score is medium","85%","Add USPs","0","11","690 Credits","https://www.99acres.com/lmsSearch?propId=G73685755","85.49 %","On 13-03-2024, this listing performed better than 85.49 % of the listings in its locality.","https://static.99acres.com/universalmy99/img/RubyPending_2x.png","Video missing on listing","You are missing out on more page views","Add Video","","","","",""
"Land/Plot for Sale in B Block Sushant Lok Phase 1,Gurgaon","INFINITY","https://www.99acres.com/T73685653","Assigned to: Deepak Bhadoria","https://www.99acres.com/editproperty/?action=edit&prop_id=T73685653","Rs7.6 Crore","| Plot  Area:","300 sq.yards","T73685653:","13 Feb 2024","13 Apr 2024","Property score is medium","85%","Add USPs","0","5","690 Credits","https://www.99acres.com/lmsSearch?propId=T73685653","83.08 %","On 13-03-2024, this listing performed better than 83.08 % of the listings in its locality.","https://static.99acres.com/universalmy99/img/RubyPending_2x.png","Video missing on listing","You are missing out on more page views","Add Video","","View 1 Responses","https://www.99acres.com/my99acres/all_responses/","",""
"Land/Plot for Sale in B Block Sushant Lok Phase 1,Gurgaon","INFINITY","https://www.99acres.com/B73685201","Assigned to: Deepak Bhadoria","https://www.99acres.com/editproperty/?action=edit&prop_id=B73685201","Rs8.1 Crore","| Plot  Area:","300 sq.yards","B73685201:","13 Feb 2024","13 Apr 2024","Property score is medium","85%","Add USPs","0","4","345 Credits","https://www.99acres.com/lmsSearch?propId=B73685201","73.85 %","On 13-03-2024, this listing performed better than 73.85 % of the listings in its locality.","https://static.99acres.com/universalmy99/img/RubyInactive_2x.png","Video will be updated shortly","Your photos are under screening","Edit Video","","","","",""
"3 BHK Flat/Apartment for Sale in Corona Optus, Sector 37C Gurgaon,Gurgaon","INFINITY","https://www.99acres.com/U73684495","Assigned to: Rajesh Kumar","https://www.99acres.com/editproperty/?action=edit&prop_id=U73684495","Rs1.9 Crore","| Super built-up  Area:","2199 sq.ft.","U73684495:","13 Feb 2024","13 Apr 2024","Property score is good","95%","Add USPs","0","37","345 Credits","https://www.99acres.com/lmsSearch?propId=U73684495","54.69 %","On 13-03-2024, this listing performed better than 54.69 % of the listings in its locality.","https://static.99acres.com/universalmy99/img/RubyActive_2x.png","Video updated on listing","Auto generated video is now playing","View Video","Assign & share for SV","View 3 Responses","https://www.99acres.com/my99acres/all_responses/","Edit Video",""
"4 BHK Independent/Builder Floor for Rent in DLF Phase 1 Ultra Luxury Builder Floors, DLF Phase 1,Gurgaon","INFINITY","https://www.99acres.com/D73675243","Assigned to: Rajesh Kumar","https://www.99acres.com/editproperty/?action=edit&prop_id=D73675243","Rs1.4 Lac","| Super built-up  Area:","2844 sq.ft.","D73675243:","13 Feb 2024","13 Apr 2024","Property score is good","95%","Add USPs","0","21","1480 Credits","https://www.99acres.com/lmsSearch?propId=D73675243","88.39 %","On 13-03-2024, this listing performed better than 88.39 % of the listings in its locality.","https://static.99acres.com/universalmy99/img/RubyActive_2x.png","Video updated on listing","Auto generated video is now playing","View Video","Assign & share for SV","View 1 Responses","https://www.99acres.com/my99acres/all_responses/","Edit Video",""
"3 BHK Flat/Apartment for Sale in Corona Optus, Sector 37C Gurgaon,Gurgaon","INFINITY","https://www.99acres.com/R73674851","Assigned to: Rajesh Kumar","https://www.99acres.com/editproperty/?action=edit&prop_id=R73674851","Rs1.5 Crore","| Super built-up  Area:","1765 sq.ft.","R73674851:","13 Feb 2024","13 Apr 2024","Property score is good","100%","Add USPs","0","20","345 Credits","https://www.99acres.com/lmsSearch?propId=R73674851","53.52 %","On 13-03-2024, this listing performed better than 53.52 % of the listings in its locality.","https://static.99acres.com/universalmy99/img/RubyActive_2x.png","Video updated on listing","Auto generated video is now playing","View Video","Assign & share for SV","View 17 Responses","https://www.99acres.com/my99acres/all_responses/","Edit Video",""
"3 BHK Flat/Apartment for Sale in La Vida by Tata Housing, Sector 113 Gurgaon ,Gurgaon","INFINITY","https://www.99acres.com/B71035962","Assigned to: Rajesh Kumar","https://www.99acres.com/editproperty/?action=edit&prop_id=B71035962","Rs3.19 Crore","| Super built-up  Area:","2217 sq.ft.","B71035962:","13 Feb 2024","13 Apr 2024","Property score is good","100%","Add USPs","2","15","690 Credits","https://www.99acres.com/lmsSearch?propId=B71035962","41.16 %","On 13-03-2024, this listing performed better than 41.16 % of the listings in its locality.","https://static.99acres.com/universalmy99/img/RubyPending_2x.png","Video missing on listing","You are missing out on more page views","Add Video","Assign & share for SV","","","",""
"4 BHK Flat/Apartment for Sale in Orris Aster Court Premier, Sector 85 Gurgaon,Gurgaon","INFINITY","https://www.99acres.com/T72492418","Assigned to: Rajesh Kumar","https://www.99acres.com/editproperty/?action=edit&prop_id=T72492418","Rs2.2 Crore","| Super built-up  Area:","2560 sq.ft.","T72492418:","13 Feb 2024","13 Apr 2024","Property score is good","100%","Add USPs","0","20","690 Credits","https://www.99acres.com/lmsSearch?propId=T72492418","78.77 %","On 13-03-2024, this listing performed better than 78.77 % of the listings in its locality.","https://static.99acres.com/universalmy99/img/RubyActive_2x.png","Video updated on listing","Auto generated video is now playing","View Video","Assign & share for SV","","","Edit Video",""
"4 BHK Independent/Builder Floor for Rent in DLF Phase 1 Ultra Luxury Builder Floors, DLF Phase 1,Gurgaon","INFINITY","https://www.99acres.com/Q72524526","Assigned to: Rajesh Kumar","https://www.99acres.com/editproperty/?action=edit&prop_id=Q72524526","Rs60,000","| Super built-up  Area:","1800 sq.ft.","Q72524526:","13 Feb 2024","13 Apr 2024","Property score is good","95%","Add USPs","59","109","690 Credits","https://www.99acres.com/lmsSearch?propId=Q72524526","66.29 %","On 13-03-2024, this listing performed better than 66.29 % of the listings in its locality.","https://static.99acres.com/universalmy99/img/RubyActive_2x.png","Video updated on listing","Auto generated video is now playing","View Video","Assign & share for SV","View 13 Responses","https://www.99acres.com/my99acres/all_responses/","Edit Video",""
"Shops for Lease in AIPL Joy Street, Sector 66 Gurgaon,Gurgaon","INFINITY","https://www.99acres.com/L73630643","Assigned to: Vaibhav Kumar","https://www.99acres.com/editproperty/?action=edit&prop_id=L73630643","Rs2.08 Lac","| Built-up  Area:","1190 sq.ft.","L73630643:","12 Feb 2024","10 Apr 2024","Property score is good","100%","Add USPs","0","19","345 Credits","https://www.99acres.com/lmsSearch?propId=L73630643","77.52 %","On 13-03-2024, this listing performed better than 77.52 % of the listings in its locality.","https://static.99acres.com/universalmy99/img/RubyActive_2x.png","Video updated on listing","Auto generated video is now playing","View Video","","View 6 Responses","https://www.99acres.com/my99acres/all_responses/","",""
"Bare Shell Office Space for Lease in Glotech Magnum Global Park, sector 58 Gurgaon,Gurgaon","INFINITY","https://www.99acres.com/R73656411","Assigned to: Vaibhav Kumar","https://www.99acres.com/editproperty/?action=edit&prop_id=R73656411","Rs18.75 Lac","| Super built-up  Area:","25000 sq.ft.","R73656411:","12 Feb 2024","12 Apr 2024","Property score is good","100%","Add USPs","0","5","345 Credits","https://www.99acres.com/lmsSearch?propId=R73656411","57.89 %","On 13-03-2024, this listing performed better than 57.89 % of the listings in its locality.","https://static.99acres.com/universalmy99/img/RubyActive_2x.png","Video updated on listing","Auto generated video is now playing","View Video","","View 5 Responses","https://www.99acres.com/my99acres/all_responses/","Edit Video",""
"Bare Shell Office Space for Lease in Glotech Magnum Global Park, sector 58 Gurgaon,Gurgaon","INFINITY","https://www.99acres.com/O73656251","Assigned to: Vaibhav Kumar","https://www.99acres.com/editproperty/?action=edit&prop_id=O73656251","Rs7.5 Lac","| Super built-up  Area:","10000 sq.ft.","O73656251:","12 Feb 2024","12 Apr 2024","Property score is good","100%","Add USPs","0","8","345 Credits","https://www.99acres.com/lmsSearch?propId=O73656251","48.42 %","On 13-03-2024, this listing performed better than 48.42 % of the listings in its locality.","https://static.99acres.com/universalmy99/img/RubyActive_2x.png","Video updated on listing","Auto generated video is now playing","View Video","","View 4 Responses","https://www.99acres.com/my99acres/all_responses/","Edit Video",""
"Ready to move Office Space for Lease in DLF City Court, Sector 24 Gurgaon,Gurgaon","","https://www.99acres.com/V73272907","Assigned to: Vaibhav Kumar","https://www.99acres.com/editproperty/?action=edit&prop_id=V73272907","Rs77,000","| Super built-up  Area:","1100 sq.ft.","V73272907:","10 Feb 2024","19 Mar 2024","Property score is good","100%","Add photos","1","15","386 Credits","https://www.99acres.com/lmsSearch?propId=V73272907","76.0 %","On 13-03-2024, this listing performed better than 76.0 % of the listings in its locality.","","","","","","View 4 Responses","https://www.99acres.com/my99acres/all_responses/","",""
"Land/Plot for Sale in DLF Phase 4,Gurgaon","INFINITY","https://www.99acres.com/E73636621","Assigned to: Deepak Bhadoria","https://www.99acres.com/editproperty/?action=edit&prop_id=E73636621","Rs16 Crore","| Plot  Area:","502 sq.ft.","E73636621:","10 Feb 2024","10 Apr 2024","Property score is medium","90%","Add USPs","0","7","345 Credits","https://www.99acres.com/lmsSearch?propId=E73636621","69.53 %","On 13-03-2024, this listing performed better than 69.53 % of the listings in its locality.","https://static.99acres.com/universalmy99/img/RubyPending_2x.png","Video couldn't be updated","Your eligible photos are <4","Add Images","","","","",""
"Ready to move Office Space for Lease in DLF City Court, Sector 24 Gurgaon,Gurgaon","","https://www.99acres.com/Y73272939","Assigned to: Vaibhav Kumar","https://www.99acres.com/editproperty/?action=edit&prop_id=Y73272939","Rs92,000","| Super built-up  Area:","1215 sq.ft.","Y73272939:","10 Feb 2024","19 Mar 2024","Property score is good","100%","Add photos","1","3","386 Credits","https://www.99acres.com/lmsSearch?propId=Y73272939","66.86 %","On 13-03-2024, this listing performed better than 66.86 % of the listings in its locality.","","","","","","","","",""
"Land/Plot for Sale in DLF Phase 4,Gurgaon","INFINITY","https://www.99acres.com/K73636503","Assigned to: Deepak Bhadoria","https://www.99acres.com/editproperty/?action=edit&prop_id=K73636503","Rs8.78 Crore","| Plot  Area:","270 sq.yards","K73636503:","10 Feb 2024","10 Apr 2024","Property score is medium","80%","Add USPs","0","8","690 Credits","https://www.99acres.com/lmsSearch?propId=K73636503","55.02 %","On 13-03-2024, this listing performed better than 55.02 % of the listings in its locality.","https://static.99acres.com/universalmy99/img/RubyInactive_2x.png","Video will be updated shortly","Your photos are under screening","Edit Video","","View 3 Responses","https://www.99acres.com/my99acres/all_responses/","",""
"Land/Plot for Sale in DLF Phase 4,Gurgaon","INFINITY","https://www.99acres.com/U73632833","Assigned to: Deepak Bhadoria","https://www.99acres.com/editproperty/?action=edit&prop_id=U73632833","Rs13.5 Crore","| Plot  Area:","402 sq.yards","U73632833:","10 Feb 2024","10 Apr 2024","Property score is medium","85%","Add USPs","0","5","345 Credits","https://www.99acres.com/lmsSearch?propId=U73632833","46.59 %","On 13-03-2024, this listing performed better than 46.59 % of the listings in its locality.","https://static.99acres.com/universalmy99/img/RubyInactive_2x.png","Video will be updated shortly","Your photos are under screening","Edit Video","","","","",""
"Land/Plot for Sale in DLF Phase 4,Gurgaon","INFINITY","https://www.99acres.com/L73632713","Assigned to: Deepak Bhadoria","https://www.99acres.com/editproperty/?action=edit&prop_id=L73632713","Rs15.5 Crore","| Plot  Area:","502 sq.yards","L73632713:","10 Feb 2024","10 Apr 2024","Property score is medium","80%","Add USPs","0","3","345 Credits","https://www.99acres.com/lmsSearch?propId=L73632713","46.42 %","On 13-03-2024, this listing performed better than 46.42 % of the listings in its locality.","https://static.99acres.com/universalmy99/img/RubyInactive_2x.png","Video will be updated shortly","Your photos are under screening","Edit Video","","","","",""
"4 BHK Independent House/Villa for Sale in C Block, DLF Phase 1,Gurgaon","INFINITY","https://www.99acres.com/O73632377","Assigned to: Deepak Bhadoria","https://www.99acres.com/editproperty/?action=edit&prop_id=O73632377","Rs16 Crore","| Plot  Area:","502 sq.yards","O73632377:","10 Feb 2024","10 Apr 2024","Property score is medium","75%","Add USPs","0","6","345 Credits","https://www.99acres.com/lmsSearch?propId=O73632377","81.56 %","On 13-03-2024, this listing performed better than 81.56 % of the listings in its locality.","https://static.99acres.com/universalmy99/img/RubyInactive_2x.png","Video will be updated shortly","Your photos are under screening","Edit Video","Assign & share for SV","","","",""
"Shops for Lease in M3M Urbana, Sector 67 Gurgaon,Gurgaon","","https://www.99acres.com/Y73286373","Assigned to: Vaibhav Kumar","https://www.99acres.com/editproperty/?action=edit&prop_id=Y73286373","Rs2.3 Lac","| Built-up  Area:","1165 sq.ft.","Y73286373:","08 Feb 2024","20 Mar 2024","Property score is good","96%","Add photos","2","14","772 Credits","https://www.99acres.com/lmsSearch?propId=Y73286373","83.06 %","On 13-03-2024, this listing performed better than 83.06 % of the listings in its locality.","","","","","","","","",""
"Shops for Lease in Paras Trinity, Sector 63 Gurgaon,Gurgaon","","https://www.99acres.com/W73385591","Assigned to: Vaibhav Kumar","https://www.99acres.com/editproperty/?action=edit&prop_id=W73385591","Rs1 Lac","| Carpet  Area:","490 sq.ft.","W73385591:","08 Feb 2024","27 Mar 2024","Property score is good","96%","Add photos","0","17","193 Credits","https://www.99acres.com/lmsSearch?propId=W73385591","44.83 %","On 13-03-2024, this listing performed better than 44.83 % of the listings in its locality.","","","","","","","","",""
"Shops for Lease in Eros City Square, Sector 49 Gurgaon,Gurgaon","","https://www.99acres.com/R73402635","Assigned to: Vaibhav Kumar","https://www.99acres.com/editproperty/?action=edit&prop_id=R73402635","Rs1.7 Lac","| Built-up  Area:","1104 sq.ft.","R73402635:","08 Feb 2024","28 Mar 2024","Property score is good","100%","Add photos","1","14","193 Credits","https://www.99acres.com/lmsSearch?propId=R73402635","93.64 %","On 13-03-2024, this listing performed better than 93.64 % of the listings in its locality.","","","","","","View 1 Responses","https://www.99acres.com/my99acres/all_responses/","",""
"Shops for Lease in M3M 65th Avenue, Sector 65 Gurgaon,Gurgaon","","https://www.99acres.com/G73402323","Assigned to: Vaibhav Kumar","https://www.99acres.com/editproperty/?action=edit&prop_id=G73402323","Rs90,000","| Built-up  Area:","920 sq.ft.","G73402323:","08 Feb 2024","28 Mar 2024","Property score is good","96%","Add photos","0","7","193 Credits","https://www.99acres.com/lmsSearch?propId=G73402323","64.95 %","On 13-03-2024, this listing performed better than 64.95 % of the listings in its locality.","","","","","","View 2 Responses","https://www.99acres.com/my99acres/all_responses/","",""
"Shops for Lease in Imperia Mindspace, Sector 62 Gurgaon,Gurgaon","","https://www.99acres.com/S73386083","Assigned to: Vaibhav Kumar","https://www.99acres.com/editproperty/?action=edit&prop_id=S73386083","Rs68,000","| Built-up  Area:","486 sq.ft.","S73386083:","07 Feb 2024","27 Mar 2024","Property score is good","96%","Add photos","0","9","193 Credits","https://www.99acres.com/lmsSearch?propId=S73386083","62.86 %","On 13-03-2024, this listing performed better than 62.86 % of the listings in its locality.","","","","","","","","",""
"Shops for Lease in M3M Urbana, Sector 67 Gurgaon,Gurgaon","","https://www.99acres.com/K73286245","Assigned to: Vaibhav Kumar","https://www.99acres.com/editproperty/?action=edit&prop_id=K73286245","Rs1.27 Lac","| Built-up  Area:","635 sq.ft.","K73286245:","07 Feb 2024","20 Mar 2024","Property score is good","96%","Add photos","2","13","386 Credits","https://www.99acres.com/lmsSearch?propId=K73286245","76.61 %","On 13-03-2024, this listing performed better than 76.61 % of the listings in its locality.","","","","","","View 3 Responses","https://www.99acres.com/my99acres/all_responses/","",""
"Shops for Lease in M3M 65th Avenue, Sector 65 Gurgaon,Gurgaon","","https://www.99acres.com/H73402249","Assigned to: Vaibhav Kumar","https://www.99acres.com/editproperty/?action=edit&prop_id=H73402249","Rs1.2 Lac","| Built-up  Area:","1291 sq.ft.","H73402249:","07 Feb 2024","28 Mar 2024","Property score is good","96%","Add photos","7","10","193 Credits","https://www.99acres.com/lmsSearch?propId=H73402249","64.43 %","On 13-03-2024, this listing performed better than 64.43 % of the listings in its locality.","","","","","","View 1 Responses","https://www.99acres.com/my99acres/all_responses/","",""
"Shops for Lease in M3M 65th Avenue, Sector 65 Gurgaon,Gurgaon","","https://www.99acres.com/R73532915","Assigned to: Vaibhav Kumar","https://www.99acres.com/editproperty/?action=edit&prop_id=R73532915","Rs3.06 Lac","| Built-up  Area:","1528 sq.ft.","R73532915:","07 Feb 2024","05 Apr 2024","Property score is good","100%","Add photos","2","10","193 Credits","https://www.99acres.com/lmsSearch?propId=R73532915","65.46 %","On 13-03-2024, this listing performed better than 65.46 % of the listings in its locality.","","","","","","View 1 Responses","https://www.99acres.com/my99acres/all_responses/","",""
"Shops for Lease in M3M 65th Avenue, Sector 65 Gurgaon,Gurgaon","","https://www.99acres.com/T73523155","Assigned to: Vaibhav Kumar","https://www.99acres.com/editproperty/?action=edit&prop_id=T73523155","Rs50,000","| Built-up  Area:","565 sq.ft.","T73523155:","07 Feb 2024","04 Apr 2024","Property score is good","100%","Add photos","3","11","193 Credits","https://www.99acres.com/lmsSearch?propId=T73523155","67.53 %","On 13-03-2024, this listing performed better than 67.53 % of the listings in its locality.","","","","","","View 1 Responses","https://www.99acres.com/my99acres/all_responses/","",""
"Shops for Lease in M3M 65th Avenue, Sector 65 Gurgaon,Gurgaon","","https://www.99acres.com/Y73533341","Assigned to: Vaibhav Kumar","https://www.99acres.com/editproperty/?action=edit&prop_id=Y73533341","Rs25,000","| Built-up  Area:","256 sq.ft.","Y73533341:","07 Feb 2024","05 Apr 2024","Property score is good","100%","Add photos","2","30","193 Credits","https://www.99acres.com/lmsSearch?propId=Y73533341","78.35 %","On 13-03-2024, this listing performed better than 78.35 % of the listings in its locality.","","","","","","View 11 Responses","https://www.99acres.com/my99acres/all_responses/","",""
"Shops for Lease in M3M 65th Avenue, Sector 65 Gurgaon,Gurgaon","","https://www.99acres.com/L73533215","Assigned to: Vaibhav Kumar","https://www.99acres.com/editproperty/?action=edit&prop_id=L73533215","Rs1.06 Lac","| Built-up  Area:","1064 sq.ft.","L73533215:","07 Feb 2024","05 Apr 2024","Property score is good","100%","Add photos","2","8","193 Credits","https://www.99acres.com/lmsSearch?propId=L73533215","54.12 %","On 13-03-2024, this listing performed better than 54.12 % of the listings in its locality.","","","","","","View 1 Responses","https://www.99acres.com/my99acres/all_responses/","",""
"Shops for Lease in Eros City Square, Sector 49 Gurgaon,Gurgaon","","https://www.99acres.com/V73402699","Assigned to: Vaibhav Kumar","https://www.99acres.com/editproperty/?action=edit&prop_id=V73402699","Rs1.5 Lac","| Built-up  Area:","1108 sq.ft.","V73402699:","06 Feb 2024","28 Mar 2024","Property score is good","100%","Add photos","4","18","193 Credits","https://www.99acres.com/lmsSearch?propId=V73402699","93.94 %","On 13-03-2024, this listing performed better than 93.94 % of the listings in its locality.","","","","","","View 1 Responses","https://www.99acres.com/my99acres/all_responses/","",""
"4 BHK Independent/Builder Floor for Sale in SS Linden Floors, Sector 84 Gurgaon,Gurgaon","","https://www.99acres.com/B72499466","Assigned to: Rajesh Kumar","https://www.99acres.com/editproperty/?action=edit&prop_id=B72499466","Rs2.55 Crore","| Super built-up  Area:","2637 sq.ft.","B72499466:","06 Feb 2024","06 Apr 2024","Property score is good","100%","Add photos","32","22","386 Credits","https://www.99acres.com/lmsSearch?propId=B72499466","42.78 %","On 13-03-2024, this listing performed better than 42.78 % of the listings in its locality.","","","","","Assign & share for SV","View 1 Responses","https://www.99acres.com/my99acres/all_responses/","",""
"Other for Rent in DLF City Phase 1, Sector 26 Gurgaon,Gurgaon","","https://www.99acres.com/W72567720","Assigned to: Rajesh Kumar","https://www.99acres.com/editproperty/?action=edit&prop_id=W72567720","Rs45,000","| Plot  Area:","1350 sq.ft.","W72567720:","06 Feb 2024","06 Apr 2024","Property score is medium","90%","Add photos","29","13","386 Credits","https://www.99acres.com/lmsSearch?propId=W72567720","47.03 %","On 13-03-2024, this listing performed better than 47.03 % of the listings in its locality.","","","","","Assign & share for SV","","","",""
"Ready to move Office Space for Lease in DLF City Court, Sector 24 Gurgaon,Gurgaon","","https://www.99acres.com/Z73269703","Assigned to: Vaibhav Kumar","https://www.99acres.com/editproperty/?action=edit&prop_id=Z73269703","Rs1.04 Lac","| Super built-up  Area:","1300 sq.ft.","Z73269703:","04 Feb 2024","19 Mar 2024","Property score is good","100%","Add photos","2","8","772 Credits","https://www.99acres.com/lmsSearch?propId=Z73269703","86.86 %","On 13-03-2024, this listing performed better than 86.86 % of the listings in its locality.","","","","","","View 3 Responses","https://www.99acres.com/my99acres/all_responses/","",""
"3 BHK Independent House/Villa for Rent in G Block, DLF Phase 1,Gurgaon","","https://www.99acres.com/N73489383","Assigned to: ram","https://www.99acres.com/editproperty/?action=edit&prop_id=N73489383","Rs1.25 Lac","| Plot  Area:","200 sq.yards","N73489383:","02 Feb 2024","02 Apr 2024","Property score is medium","82%","Add photos","11","21","193 Credits","https://www.99acres.com/lmsSearch?propId=N73489383","43.34 %","On 13-03-2024, this listing performed better than 43.34 % of the listings in its locality.","","","","","Assign & share for SV","","","",""
"3 BHK Independent/Builder Floor for Rent in Builder floor , Sector 28 Gurgaon,Gurgaon","","https://www.99acres.com/T73484941","Assigned to: Ghanshyam kumar","https://www.99acres.com/editproperty/?action=edit&prop_id=T73484941","Rs58,000","| Super built-up  Area:","1800 sq.ft.","T73484941:","02 Feb 2024","02 Apr 2024","Property score is good","100%","Add photos","0","2","193 Credits","https://www.99acres.com/lmsSearch?propId=T73484941","45.24 %","On 13-03-2024, this listing performed better than 45.24 % of the listings in its locality.","","","","","Assign & share for SV","","","",""
"Bare Shell Office Space for Lease in Spaze Buziness Park, Sector 66 Gurgaon,Gurgaon","","https://www.99acres.com/Q73361887","Assigned to: Vaibhav Kumar","https://www.99acres.com/editproperty/?action=edit&prop_id=Q73361887","Rs1.08 Lac","| Super built-up  Area:","1352 sq.ft.","Q73361887:","30 Jan 2024","25 Mar 2024","Property score is good","100%","Add photos","6","7","386 Credits","https://www.99acres.com/lmsSearch?propId=Q73361887","72.09 %","On 13-03-2024, this listing performed better than 72.09 % of the listings in its locality.","","","","","","View 2 Responses","https://www.99acres.com/my99acres/all_responses/","",""
"2 BHK Flat/Apartment for Rent in Emaar Digihomes, Sector 62 Gurgaon,Gurgaon","","https://www.99acres.com/Y73428945","Assigned to: Ghanshyam kumar","https://www.99acres.com/editproperty/?action=edit&prop_id=Y73428945","Rs65,000","| Super built-up  Area:","1508.26 sq.ft.","Y73428945:","30 Jan 2024","30 Mar 2024","Property score is medium","86%","Add photos","0","8","193 Credits","https://www.99acres.com/lmsSearch?propId=Y73428945","60.49 %","On 13-03-2024, this listing performed better than 60.49 % of the listings in its locality.","","","","","Assign & share for SV","","","",""
"2 BHK Flat/Apartment for Sale in Emaar Digihomes, Sector 62 Gurgaon,Gurgaon","","https://www.99acres.com/Y73419661","Assigned to: Ghanshyam kumar","https://www.99acres.com/editproperty/?action=edit&prop_id=Y73419661","Rs2.9 Crore","| Super built-up  Area:","1508.26 sq.ft.","Y73419661:","29 Jan 2024","29 Mar 2024","Property score is medium","85%","Add photos","0","9","193 Credits","https://www.99acres.com/lmsSearch?propId=Y73419661","44.51 %","On 13-03-2024, this listing performed better than 44.51 % of the listings in its locality.","","","","","Assign & share for SV","","","",""
"2 BHK Flat/Apartment for Sale in Emaar Digihomes, Sector 62 Gurgaon,Gurgaon","","https://www.99acres.com/E73418361","Assigned to: Ghanshyam kumar","https://www.99acres.com/editproperty/?action=edit&prop_id=E73418361","Rs3 Crore","| Super built-up  Area:","1508.26 sq.ft.","E73418361:","29 Jan 2024","29 Mar 2024","Property score is medium","90%","Add photos","0","8","193 Credits","https://www.99acres.com/lmsSearch?propId=E73418361","44.51 %","On 13-03-2024, this listing performed better than 44.51 % of the listings in its locality.","","","","","Assign & share for SV","","","",""
"3 BHK Flat/Apartment for Sale in Emaar Digihomes, Sector 62 Gurgaon,Gurgaon","","https://www.99acres.com/H73417909","Assigned to: Ghanshyam kumar","https://www.99acres.com/editproperty/?action=edit&prop_id=H73417909","Rs4.7 Crore","| Super built-up  Area:","2588.79 sq.ft.","H73417909:","29 Jan 2024","29 Mar 2024","Property score is medium","90%","Add photos","0","9","193 Credits","https://www.99acres.com/lmsSearch?propId=H73417909","44.51 %","On 13-03-2024, this listing performed better than 44.51 % of the listings in its locality.","","","","","Assign & share for SV","","","",""
"3 BHK Independent/Builder Floor for Rent in DLF City Phase 1, Sector 26 Gurgaon,Gurgaon","","https://www.99acres.com/A73392409","Assigned to: Rajesh Kumar","https://www.99acres.com/editproperty/?action=edit&prop_id=A73392409","Rs85,000","| Super built-up  Area:","1850 sq.ft.","A73392409:","27 Jan 2024","27 Mar 2024","Property score is good","95%","Add photos","0","3","386 Credits","https://www.99acres.com/lmsSearch?propId=A73392409","34.65 %","On 13-03-2024, this listing performed better than 34.65 % of the listings in its locality.","","","","","Assign & share for SV","","","",""
"Shops for Sale in AIPL Joy Street, Sector 66 Gurgaon,Gurgaon","","https://www.99acres.com/U73284517","Assigned to: Vaibhav Kumar","https://www.99acres.com/editproperty/?action=edit&prop_id=U73284517","Rs5.2 Crore","| Built-up  Area:","1300 sq.ft.","U73284517:","25 Jan 2024","20 Mar 2024","Property score is good","94%","Add photos","10","17","772 Credits","https://www.99acres.com/lmsSearch?propId=U73284517","82.09 %","On 13-03-2024, this listing performed better than 82.09 % of the listings in its locality.","","","","","","View 2 Responses","https://www.99acres.com/my99acres/all_responses/","",""
"Shops for Sale in Paras Trinity, Sector 63 Gurgaon,Gurgaon","","https://www.99acres.com/B73284217","Assigned to: Vaibhav Kumar","https://www.99acres.com/editproperty/?action=edit&prop_id=B73284217","Rs3.22 Crore","| Built-up  Area:","586 sq.ft.","B73284217:","25 Jan 2024","20 Mar 2024","Property score is good","94%","Add photos","1","11","193 Credits","https://www.99acres.com/lmsSearch?propId=B73284217","69.57 %","On 13-03-2024, this listing performed better than 69.57 % of the listings in its locality.","","","","","","View 1 Responses","https://www.99acres.com/my99acres/all_responses/","",""
"Bare Shell Office Space for Lease in Spaze Buziness Park, Sector 66 Gurgaon,Gurgaon","","https://www.99acres.com/F73361763","Assigned to: Vaibhav Kumar","https://www.99acres.com/editproperty/?action=edit&prop_id=F73361763","Rs73,000","| Super built-up  Area:","913 sq.ft.","F73361763:","25 Jan 2024","25 Mar 2024","Property score is good","100%","Add photos","6","10","193 Credits","https://www.99acres.com/lmsSearch?propId=F73361763","65.12 %","On 13-03-2024, this listing performed better than 65.12 % of the listings in its locality.","","","","","","","","",""
"3 BHK Independent/Builder Floor for Sale in Sector 50 Gurgaon,Gurgaon","","https://www.99acres.com/L73323167","Assigned to: Deepak Bhadoria","https://www.99acres.com/editproperty/?action=edit&prop_id=L73323167","Rs1.65 Crore","| Built-up  Area:","2400 sq.ft.","L73323167:","23 Jan 2024","23 Mar 2024","Property score is good","95%","Add photos","0","19","386 Credits","https://www.99acres.com/lmsSearch?propId=L73323167","60.77 %","On 13-03-2024, this listing performed better than 60.77 % of the listings in its locality.","","","","","Assign & share for SV","View 1 Responses","https://www.99acres.com/my99acres/all_responses/","",""
"3 BHK Independent House/Villa for Sale in E Block, DLF Phase 1,Gurgaon","","https://www.99acres.com/B73320673","Assigned to: Deepak Bhadoria","https://www.99acres.com/editproperty/?action=edit&prop_id=B73320673","Rs3.35 Crore","| Plot  Area:","109 sq.yards","B73320673:","23 Jan 2024","23 Mar 2024","Property score is good","95%","Add photos","9","86","386 Credits","https://www.99acres.com/lmsSearch?propId=B73320673","90.18 %","On 13-03-2024, this listing performed better than 90.18 % of the listings in its locality.","","","","","Assign & share for SV","View 11 Responses","https://www.99acres.com/my99acres/all_responses/","",""
"4 BHK Flat/Apartment for Sale in Ashiana Mulberry, Sohna,Gurgaon","","https://www.99acres.com/C73286233","Assigned to: Rajesh Kumar","https://www.99acres.com/editproperty/?action=edit&prop_id=C73286233","Rs95 Lac","| Super built-up  Area:","1210 sq.ft.","C73286233:","20 Jan 2024","20 Mar 2024","Property score is good","95%","Add photos","16","43","386 Credits","https://www.99acres.com/lmsSearch?propId=C73286233","91.7 %","On 13-03-2024, this listing performed better than 91.7 % of the listings in its locality.","","","","","Assign & share for SV","View 1 Responses","https://www.99acres.com/my99acres/all_responses/","",""
"4 BHK Independent/Builder Floor for Sale in Ultra luxury builder floor , DLF Phase 1,Gurgaon","INFINITY","https://www.99acres.com/H73266111","Assigned to: Ghanshyam kumar","https://www.99acres.com/editproperty/?action=edit&prop_id=H73266111","Rs5.15 Crore","| Super built-up  Area:","4500 sq.ft.","H73266111:","19 Jan 2024","19 Mar 2024","Property score is good","100%","Add USPs","0","17","731 Credits","https://www.99acres.com/lmsSearch?propId=H73266111","69.57 %","On 13-03-2024, this listing performed better than 69.57 % of the listings in its locality.","https://static.99acres.com/universalmy99/img/RubyActive_2x.png","Video updated on listing","Auto generated video is now playing","View Video","","","","",""
"Ready to move Office Space for Sale in Unitech Global Business Park, Sikandarpur,Gurgaon","","https://www.99acres.com/N73253373","Assigned to: Vaibhav Kumar","https://www.99acres.com/editproperty/?action=edit&prop_id=N73253373","Rs3.08 Crore","| Super built-up  Area:","1400 sq.ft.","N73253373:","18 Jan 2024","18 Mar 2024","Property score is good","100%","Add photos","1","11","386 Credits","https://www.99acres.com/lmsSearch?propId=N73253373","55.56 %","On 13-03-2024, this listing performed better than 55.56 % of the listings in its locality.","","","","","Assign & share for SV","","","",""
"Ready to move Office Space for Lease in Splendor Spectrum One, sector 58 Gurgaon,Gurgaon","","https://www.99acres.com/Q73251281","Assigned to: Vaibhav Kumar","https://www.99acres.com/editproperty/?action=edit&prop_id=Q73251281","Rs8 Lac","| Super built-up  Area:","10600 sq.ft.","Q73251281:","18 Jan 2024","18 Mar 2024","Property score is good","96%","Add photos","2","4","386 Credits","https://www.99acres.com/lmsSearch?propId=Q73251281","30.53 %","On 13-03-2024, this listing performed better than 30.53 % of the listings in its locality.","","","","","Assign & share for SV","","","",""
"Ready to move Office Space for Lease in Splendor Spectrum One, sector 58 Gurgaon,Gurgaon","","https://www.99acres.com/Y73251065","Assigned to: Vaibhav Kumar","https://www.99acres.com/editproperty/?action=edit&prop_id=Y73251065","Rs1.5 Lac","| Super built-up  Area:","2000 sq.ft.","Y73251065:","18 Jan 2024","18 Mar 2024","Property score is good","96%","Add photos","0","3","386 Credits","https://www.99acres.com/lmsSearch?propId=Y73251065","67.37 %","On 13-03-2024, this listing performed better than 67.37 % of the listings in its locality.","","","","","Assign & share for SV","","","",""
"4 BHK Flat/Apartment for Sale in Krrish Provence Estate, Gwal Pahari,Gurgaon","INFINITY","https://www.99acres.com/J73248389","Assigned to: Deepak Bhadoria","https://www.99acres.com/editproperty/?action=edit&prop_id=J73248389","Rs4.75 Crore","| Super built-up  Area:","5800 sq.ft.","J73248389:","18 Jan 2024","18 Mar 2024","Property score is good","95%","Add USPs","8","31","731 Credits","https://www.99acres.com/lmsSearch?propId=J73248389","52.52 %","On 13-03-2024, this listing performed better than 52.52 % of the listings in its locality.","https://static.99acres.com/universalmy99/img/RubyActive_2x.png","Video updated on listing","Auto generated video is now playing","View Video","Assign & share for SV","View 3 Responses","https://www.99acres.com/my99acres/all_responses/","Edit Video",""
"Shops for Lease in M3M Urbana, Sector 67 Gurgaon,Gurgaon","","https://www.99acres.com/G73217181","Assigned to: Vaibhav Kumar","https://www.99acres.com/editproperty/?action=edit&prop_id=G73217181","Rs1.57 Lac","| Built-up  Area:","1310 sq.ft.","G73217181:","18 Jan 2024","16 Mar 2024","Property score is good","100%","Add photos","26","17","772 Credits","https://www.99acres.com/lmsSearch?propId=G73217181","79.84 %","On 13-03-2024, this listing performed better than 79.84 % of the listings in its locality.","","","","","","View 3 Responses","https://www.99acres.com/my99acres/all_responses/","",""
"3 BHK Independent/Builder Floor for Sale in Anant Raj Ashok Estate, Sector 63A Gurgaon,Gurgaon","","https://www.99acres.com/R69828634","Assigned to: Rajesh Kumar","https://www.99acres.com/editproperty/?action=edit&prop_id=R69828634","Rs2.04 Crore","| Super built-up  Area:","1614 sq.ft.","R69828634:","16 Jan 2024","16 Mar 2024","Property score is medium","90%","Add photos","72","28","386 Credits","https://www.99acres.com/lmsSearch?propId=R69828634","67.09 %","On 13-03-2024, this listing performed better than 67.09 % of the listings in its locality.","","","","","","View 4 Responses","https://www.99acres.com/my99acres/all_responses/","",""
"3 BHK Flat/Apartment for Sale in Pareena Coban Residences, Sector 99A Gurgaon,Gurgaon","","https://www.99acres.com/D69900962","Assigned to: Rajesh Kumar","https://www.99acres.com/editproperty/?action=edit&prop_id=D69900962","Rs1.65 Crore","| Super built-up  Area:","1997 sq.ft.","D69900962:","16 Jan 2024","16 Mar 2024","Property score is good","100%","Add photos","30","18","386 Credits","https://www.99acres.com/lmsSearch?propId=D69900962","50.95 %","On 13-03-2024, this listing performed better than 50.95 % of the listings in its locality.","","","","","Assign & share for SV","View 2 Responses","https://www.99acres.com/my99acres/all_responses/","",""
"4 BHK Flat/Apartment for Sale in Krrish Provence Estate, Gwal Pahari,Gurgaon","","https://www.99acres.com/V73184583","Assigned to: Deepak Bhadoria","https://www.99acres.com/editproperty/?action=edit&prop_id=V73184583","Rs5.5 Crore","| Super built-up  Area:","5800 sq.ft.","V73184583:","14 Jan 2024","14 Mar 2024","Property score is good","100%","Add photos","14","18","772 Credits","https://www.99acres.com/lmsSearch?propId=V73184583","55.46 %","On 13-03-2024, this listing performed better than 55.46 % of the listings in its locality.","","","","","Assign & share for SV","View 5 Responses","https://www.99acres.com/my99acres/all_responses/","",""
"3 BHK Independent House/Villa for Sale in INDEPENDENT HOUSE, G block DLF City Phase 1,Gurgaon","","https://www.99acres.com/W71514538","Assigned to: Ghanshyam kumar","https://www.99acres.com/editproperty/?action=edit&prop_id=W71514538","Rs4.25 Crore","| Plot  Area:","150 sq.yards","W71514538:","27 Nov 2023","26 Mar 2024","Property score is good","100%","Add photos","157","79","579 Credits","https://www.99acres.com/lmsSearch?propId=W71514538","100.0 %","On 13-03-2024, this listing performed better than 100.0 % of the listings in its locality.","","","","","Assign & share for SV","View 4 Responses","https://www.99acres.com/my99acres/all_responses/","",""
"2 BHK Flat/Apartment for Sale in Pareena Coban Residences, Sector 99A Gurgaon,Gurgaon","","https://www.99acres.com/K71089140","Assigned to: Rajesh Kumar","https://www.99acres.com/editproperty/?action=edit&prop_id=K71089140","Rs1.39 Crore","| Super built-up  Area:","1550 sq.ft.","K71089140:","24 Nov 2023","23 Mar 2024","Property score is medium","90%","Add photos","25","21","579 Credits","https://www.99acres.com/lmsSearch?propId=K71089140","40.82 %","On 13-03-2024, this listing performed better than 40.82 % of the listings in its locality.","","","","","Assign & share for SV","View 3 Responses","https://www.99acres.com/my99acres/all_responses/","",""
"3 BHK Flat/Apartment for Sale in ILD Greens, Sector 37C Gurgaon,Gurgaon","","https://www.99acres.com/Y71482348","Assigned to: Rajesh Kumar","https://www.99acres.com/editproperty/?action=edit&prop_id=Y71482348","Rs1.12 Crore","| Super built-up  Area:","1820 sq.ft.","Y71482348:","24 Nov 2023","23 Mar 2024","Property score is good","95%","Add photos","198","55","579 Credits","https://www.99acres.com/lmsSearch?propId=Y71482348","29.3 %","On 13-03-2024, this listing performed better than 29.3 % of the listings in its locality.","","","","","Assign & share for SV","View 60 Responses","https://www.99acres.com/my99acres/all_responses/","",""